relation_type,n_pairs,mean_r,median_r,min_r,max_r,frac_significant_fdr
heterotrait_heteromethod,21,-0.06841687761485893,-0.032465829714073295,-0.9175218373821816,0.906265212030885,0.5238095238095238
heterotrait_monomethod,10,0.13604220729649238,0.08204893885996539,-0.40251544564720315,0.8374615059993655,0.3
monotrait_heteromethod,5,-0.21834078612531388,-0.19007423473843815,-0.9207746404051111,0.7872705955397057,0.6
