relation_type,n_pairs,mean_r,median_r,min_r,max_r,frac_significant_fdr
heterotrait_heteromethod,14,0.2027776889918717,0.12595053353981706,-0.28981386746970045,0.7189448948347739,0.42857142857142855
heterotrait_monomethod,7,0.1831863142168574,0.1591486994962412,-0.242162791973301,0.7282404968454161,0.2857142857142857
monotrait_heteromethod,7,0.5871262430917389,0.7872705955397058,-0.19007423473843826,0.9207746404051114,0.7142857142857143
