unit,space,silhouette,calinski_harabasz,davies_bouldin,inertia,n_samples,n_features
model_mean,r2_pct,0.43100980426342794,4.738377448110145,0.36301694147802216,7.188055748813101,7,2
model_mean,r4_8val,0.4090483228228688,4.556534304873908,0.3811910432742885,14.649662266016135,7,4
prompt_model,r2_pct,0.5952167388154289,60.53890819074001,0.4972539757922694,74.06317771015442,70,2
prompt_model,r4_8val,0.535916945820771,50.924663803594164,0.5816576556872823,160.1013565314327,70,4
